"","...1","player_name","gameid","playid","avg_speed","max_speed"
"1",1,"Adrian Amos",13762,3020278,2.68743243243243,5.34
"2",2,"Ahkello Witherspoon",13774,3048396,4.39537190082645,8.82
"3",3,"Ahkello Witherspoon",13774,3048514,2.39030927835052,6.12
"4",4,"Amani Hooker",13763,3046520,1.52154761904762,4.21
"5",5,"Amani Hooker",13763,3046527,3.08007142857143,7.04
"6",6,"Amani Hooker",13763,3047549,3.20479674796748,7.06
"7",7,"Amani Hooker",13763,3047590,3.67893805309735,7.08
"8",8,"Andrew Sendejo",13767,3046391,3.49737704918033,6.7
"9",9,"Andrew Sendejo",13767,3047591,2.30586206896552,6.18
"10",10,"Andrew Sendejo",13767,3047674,1.82573529411765,6.72
"11",11,"Andrew Sendejo",13767,3047767,2.17461538461538,5.47
"12",12,"Anthony Averett",13764,3046607,1.80984962406015,6.63
"13",13,"Anthony Barr",13765,3046599,2.502,6.5
"14",14,"Anthony Brown",13772,3049879,1.95603260869565,5.28
"15",15,"B.W. Webb",13771,3049424,2.36616279069767,4.82
"16",16,"Bobby McCain",13764,3046492,4.54818181818182,7.8
"17",17,"Bradley McDougald",13771,3050037,1.80191176470588,3.87
"18",18,"Bradley Roby",13776,3051033,2.9628025477707,7
"19",19,"Bradley Roby",13776,3051305,4.30791208791209,8.79
"20",20,"Byron Murphy",13773,3048708,3.59350806451613,6.69
"21",21,"Casey Hayward Jr.",13770,3049676,2.52326923076923,6.88
"22",22,"Chris Jones",13773,3048480,3.40685863874346,8.16
"23",23,"Chris Jones",13773,3049239,2.06725961538462,7.6
"24",24,"Chris Jones",13773,3049483,1.89698630136986,4.83
"25",25,"Chris Jones",13773,3049794,1.76238095238095,7.11
"26",26,"Chris Jones",13773,3050395,1.19416961130742,3.22
"27",27,"Chris Jones",13773,3050406,2.15502994011976,5.66
"28",28,"D.J. Swearinger Sr.",13773,3050395,1.18604240282686,4.07
"29",29,"D.J. Swearinger Sr.",13773,3050406,2.82464968152866,6.76
"30",30,"Darius Slay",13773,3048793,3.14609375,4.98
"31",31,"Darius Slay",13773,3049412,3.20514925373134,4.42
"32",32,"Darius Slay",13773,3050040,1.44002985074627,7.01
"33",33,"Darius Slay",13773,3050072,1.31476470588235,5.09
"34",34,"Devin McCourty",13775,3050874,1.69771739130435,4.13
"35",35,"Dre Kirkpatrick",13771,3048373,3.3501935483871,7.5
"36",36,"Dre Kirkpatrick",13771,3048808,3.01340206185567,6.47
"37",37,"Earl Thomas III",13764,3047118,1.27025125628141,4.61
"38",38,"Eddie Jackson",13762,3020286,3.87545454545455,6.47
"39",39,"Eli Apple",13776,3051188,5.05872881355932,9.4
"40",40,"Harrison Smith",13765,3045788,3.67489361702128,7.28
"41",41,"Harrison Smith",13765,3046599,3.18653333333333,5.71
"42",42,"Harrison Smith",13765,3047809,3.31548387096774,6.03
"43",43,"Isaac Yiadom",13777,3051543,4.55689655172414,8.78
"44",44,"Jason McCourty",13775,3050872,2.47531914893617,5.68
"45",45,"Jeff Heath",13772,3049321,2.59592857142857,6.66
"46",46,"Jeff Heath",13772,3050014,2.52614634146341,6.8
"47",47,"John Johnson III",13768,3047195,0.708868852459016,6.12
"48",48,"Jomal Wiltz",13764,3046492,4.2105303030303,7.77
"49",49,"Jordan Poyer",13766,3047930,1.41396616541353,3.59
"50",50,"Justin Reid",13776,3051033,2.51248407643312,5.38
"51",51,"Justin Reid",13776,3051343,2.21262295081967,5.37
"52",52,"Kenny Vaccaro",13763,3045428,3.49558139534884,4.93
"53",53,"Khari Willis",13770,3048552,3.17775510204082,5.52
"54",54,"Levi Wallace",13766,3047259,3.38096,7.14
"55",55,"Logan Ryan",13763,3046984,3.34264705882353,6.84
"56",56,"Malcolm Butler",13763,3045257,3.59756756756757,7.44
"57",57,"Malcolm Butler",13763,3046476,4.26440366972477,8.17
"58",58,"Malcolm Butler",13763,3046804,2.82460317460317,4.89
"59",59,"Malcolm Butler",13763,3046984,2.94823529411765,7
"60",60,"Marcus Peters",13768,3046023,3.35280373831776,5.98
"61",61,"Marcus Peters",13768,3046189,3.834,7.93
"62",62,"Micah Hyde",13766,3047921,1.02705035971223,2.52
"63",63,"Micah Hyde",13766,3047930,1.7318045112782,4.66
"64",64,"Pierre Desir",13770,3048552,3.19333333333333,6.47
"65",65,"Prince Amukamara",13762,3020346,2.48744827586207,7.07
"66",66,"Quandre Diggs",13773,3050040,1.83985074626866,7.12
"67",67,"Rasul Douglas",13767,3046322,4.02147058823529,7
"68",68,"Sidney Jones",13767,3046790,3.15172413793103,7.39
"69",69,"Sidney Jones",13767,3047215,2.30589285714286,6.22
"70",70,"Siran Neal",13766,3047921,0.781798561151079,1.73
"71",71,"Siran Neal",13766,3047930,1.4353007518797,7.25
"72",72,"Steven Nelson",13775,3050795,2.52151515151515,6.37
"73",73,"Terrance Mitchell",13763,3046419,2.88490909090909,6.4
"74",74,"Tony Jefferson",13764,3046661,3.32503067484663,7.37
"75",75,"Tramon Williams",13762,3020354,5.05364705882353,8.15
"76",76,"Tre Flowers",13771,3047879,2.25268456375839,6.48
"77",77,"Tyrann Mathieu",13769,3047909,2.37648936170213,4.89
"78",78,"William Jackson III",13771,3048400,3.43039772727273,8.1
"79",79,"Xavier Woods",13772,3049321,2.72864285714286,7.11
"80",1,"Anthony Harris",13781,3078202,2.76236526946108,5.96
"81",2,"Bradley Roby",13788,3077470,2.11876288659794,6.47
"82",3,"Brandon Facyson",13780,3076546,2.42479865771812,6.96
"83",4,"Brandon Facyson",13780,3077565,4.89745454545455,9.49
"84",5,"Budda Baker",13787,3076968,2.3488125,6.21
"85",6,"Byron Jones",13786,3075712,2.05467084639498,6.97
"86",7,"Byron Jones",13786,3077207,2.13081218274112,6.3
"87",8,"Byron Murphy",13787,3076250,2.50211822660099,7.41
"88",9,"Casey Hayward Jr.",13780,3077138,5.22408602150538,7.83
"89",10,"Chris Jones",13787,3076968,3.7099375,8.82
"90",11,"Chris Jones",13787,3077522,2.61776119402985,6.75
"91",12,"Dane Cruikshank",13782,3076883,1.61184549356223,2.95
"92",13,"Daryl Worley",13789,3079849,3.5245652173913,7.32
"93",14,"Devin McCourty",13783,3078184,2.68649122807018,5.83
"94",15,"Devin McCourty",13783,3078426,2.31546391752577,5.66
"95",16,"Duron Harmon",13783,3078672,2.05881944444444,4.41
"96",17,"Duron Harmon",13783,3078687,1.3268085106383,4.18
"97",18,"Erik Harris",13789,3079802,2.34948863636364,7.03
"98",19,"Greedy Williams",13793,3080918,1.97769230769231,5.42
"99",20,"Greedy Williams",13793,3081022,0.986520979020979,4.91
"100",21,"Harrison Smith",13781,3076441,1.56867403314917,3.39
"101",22,"Harrison Smith",13781,3076543,3.2973381294964,7.08
"102",23,"Isaac Yiadom",13790,3079495,2.88954545454545,7.03
"103",24,"Isaac Yiadom",13790,3079571,1.45736842105263,3.21
"104",25,"Isaiah Oliver",13792,3080414,1.71042613636364,7.45
"105",26,"Isaiah Oliver",13792,3080472,1.09380607814761,3.12
"106",27,"Isaiah Oliver",13792,3080530,2.53551912568306,6.36
"107",28,"Isaiah Oliver",13792,3080682,4.15054545454545,8.8
"108",29,"J.C. Jackson",13783,3078184,5.94479532163743,8.17
"109",30,"J.C. Jackson",13783,3078672,3.17,8.49
"110",31,"Janoris Jenkins",13784,3076310,2.87172413793103,7.19
"111",32,"Janoris Jenkins",13784,3077745,3.93304347826087,7.91
"112",33,"Jermaine Whitehead",13793,3080906,3.23475138121547,6.55
"113",34,"Jermaine Whitehead",13793,3081022,0.90986013986014,3.75
"114",35,"Josh Jackson",13781,3078679,1.86138983050847,4.4
"115",36,"Josh Norman",13786,3075639,2.95130044843049,7.66
"116",37,"Kareem Jackson",13790,3079495,2.26378787878788,5.83
"117",38,"Kenny Moore II",13782,3077803,2.76222222222222,7.57
"118",39,"Kenny Vaccaro",13782,3077342,4.43444444444444,8.19
"119",40,"Kevin Johnson",13784,3078836,1.95880733944954,4.68
"120",41,"Kevin King",13781,3077154,2.60073891625616,8.5
"121",42,"Kevin King",13781,3078679,2.15020338983051,4.48
"122",43,"Levi Wallace",13784,3077166,3.81561538461538,7.24
"123",44,"Levi Wallace",13784,3077345,3.28555555555556,8.05
"124",45,"Levi Wallace",13784,3078820,2.48697247706422,5.34
"125",46,"Levi Wallace",13784,3078836,2.22146788990826,4.88
"126",47,"Logan Ryan",13782,3077635,4.43716981132075,8.41
"127",48,"Logan Ryan",13782,3077676,2.6124154589372,6.65
"128",49,"Lonnie Johnson Jr.",13788,3076203,3.49540106951872,6.13
"129",50,"Marcus Maye",13793,3080843,3.19609523809524,4.93
"130",51,"Marcus Peters",13791,3079648,2.05337423312883,6.43
"131",52,"Marcus Peters",13791,3080067,1.75836477987421,3.71
"132",53,"Marshon Lattimore",13791,3079328,1.86233082706767,5.28
"133",54,"Marshon Lattimore",13791,3079355,3.186,7.58
"134",55,"Marshon Lattimore",13791,3079545,1.9498,6.87
"135",56,"Micah Hyde",13784,3078820,2.66623853211009,4.65
"136",57,"Micah Hyde",13784,3078836,1.96266055045872,3.47
"137",58,"Michael Thomas",13784,3076868,1.55647357723577,8.49
"138",59,"Nickell Robey-Coleman",13791,3079648,3.67006134969325,8.88
"139",60,"Prince Amukamara",13790,3079175,4.24101851851852,7.33
"140",61,"Rasul Douglas",13792,3080273,3.12513513513514,6.02
"141",62,"Rock Ya-Sin",13782,3076766,1.0850818452381,5.42
"142",63,"Stephon Gilmore",13783,3078508,2.36669172932331,6.02
"143",64,"Steven Nelson",13785,3076903,3.11518867924528,7.49
"144",65,"Steven Nelson",13785,3078070,1.94233695652174,5.12
"145",66,"Trae Waynes",13781,3076441,2.29651933701657,4.67
"146",67,"Trayvon Mullen",13789,3078946,2.12985294117647,5.07
"147",68,"Vernon Hargreaves III",13778,3051808,4.67776315789474,8.48
"148",69,"Vernon Hargreaves III",13778,3051899,4.23955223880597,7.04
"149",70,"Will Harris",13780,3076791,2.60995967741935,8.31
"150",71,"Will Parks",13790,3078875,4.24954887218045,7.95
"151",72,"Will Redmond",13781,3078679,2.1313220338983,5.5
"152",1,"A.J. Bouye",13794,3081447,2.26385542168675,8.33
"153",2,"Amani Hooker",13794,3081401,1.89060606060606,4.37
"154",3,"Anthony Averett",13799,3102851,3.72902116402116,10.02
"155",4,"Anthony Averett",13799,3103030,2.32556603773585,5.46
"156",5,"Anthony Averett",13799,3103041,3.14868965517241,7.02
"157",6,"Anthony Brown",13796,3102261,2.23336898395722,7.7
"158",7,"Antoine Bethea",13804,3105045,1.24028138528139,6.62
"159",8,"Bradley Roby",13805,3106226,1.77068965517241,5.04
"160",9,"Brandon Carr",13799,3103598,1.79805013927577,6.73
"161",10,"Brandon Carr",13799,3103646,2.43303571428571,7.28
"162",11,"Brandon Facyson",13805,3105447,3.29856115107914,6.88
"163",12,"Brandon Facyson",13805,3105603,2.37198795180723,5.51
"164",13,"Brandon Facyson",13805,3106030,3.28506097560976,7.95
"165",14,"Byron Jones",13796,3102593,1.8776875,6.78
"166",15,"Casey Hayward Jr.",13805,3105004,1.50380281690141,4.61
"167",16,"Casey Hayward Jr.",13805,3105371,2.33926108374384,5.98
"168",17,"Casey Hayward Jr.",13805,3105384,1.39733333333333,4.4
"169",18,"Casey Hayward Jr.",13805,3105545,2.43418181818182,6.14
"170",19,"Charvarius Ward",13799,3102522,3.84538461538462,8.85
"171",20,"Charvarius Ward",13799,3102946,2.58343511450382,7.43
"172",21,"Charvarius Ward",13799,3103763,4.1510101010101,8
"173",22,"Charvarius Ward",13799,3104233,2.19901234567901,6.66
"174",23,"Chris Harris Jr.",13797,3101833,3.43049723756906,8.79
"175",24,"Darian Thompson",13796,3102261,4.20786096256685,7.68
"176",25,"Darius Slay",13802,3101928,4.07824,9.58
"177",26,"Delano Hill",13807,3104865,3.00291666666667,5.12
"178",27,"Deon Bush",13809,3107501,2.48280701754386,7.58
"179",28,"Donte Jackson",13803,3105067,2.94963562753036,5.1
"180",29,"Eric Reid",13803,3105067,2.8872602739726,4.95
"181",30,"Eric Rowe",13796,3102379,3.14489028213166,8.88
"182",31,"Eric Rowe",13796,3102462,4.78364161849711,9.81
"183",32,"Eric Rowe",13796,3102750,3.55296551724138,8.97
"184",33,"Ha Ha Clinton-Dix",13809,3107497,1.58714285714286,4.55
"185",34,"Ha Ha Clinton-Dix",13809,3107499,2.59007042253521,5.78
"186",35,"Isaac Yiadom",13797,3102139,4.00993288590604,7.94
"187",36,"Isaiah Oliver",13798,3101843,3.25729411764706,8.02
"188",37,"Jahleel Addae",13805,3106288,1.2824776119403,4.82
"189",38,"Jalen Ramsey",13794,3081718,3.52796460176991,8.3
"190",39,"Jalen Ramsey",13794,3081720,1.86798076923077,6.3
"191",40,"Janoris Jenkins",13804,3105045,1.48393939393939,7.81
"192",41,"Jarrod Wilson",13794,3081720,2.57721153846154,6.03
"193",42,"Jeff Heath",13796,3103620,2.30375,7.26
"194",43,"Justin Reid",13805,3105073,2.93271844660194,7.51
"195",44,"Juston Burris",13808,3106581,3.0892,7.27
"196",45,"Kendall Fuller",13799,3104233,2.67390946502058,5.91
"197",46,"Kevin Johnson",13795,3103026,2.68626943005181,6.6
"198",47,"Levi Wallace",13795,3102782,2.78483606557377,6.02
"199",48,"Levi Wallace",13795,3103026,3.20626943005181,6.27
"200",49,"Levi Wallace",13795,3103667,3.46511627906977,5.67
"201",50,"Levi Wallace",13795,3104205,3.62670731707317,5.92
"202",51,"Marcus Peters",13808,3106927,0.614111842105263,4.09
"203",52,"Marcus Williams",13807,3105306,4.3345390070922,8.98
"204",53,"Marcus Williams",13807,3106172,2.12035714285714,4.48
"205",54,"Marshon Lattimore",13807,3105668,1.59484848484848,7.05
"206",55,"Marshon Lattimore",13807,3105802,2.64666666666667,8.05
"207",56,"Marshon Lattimore",13807,3105821,2.9510650887574,7.49
"208",57,"Marshon Lattimore",13807,3106276,2.36146788990826,5.61
"209",58,"Marshon Lattimore",13807,3106282,1.67344444444444,4.1
"210",59,"Marshon Lattimore",13807,3106292,1.87978417266187,5.85
"211",60,"Marshon Lattimore",13807,3106306,1.5740157480315,4.17
"212",61,"Marshon Lattimore",13807,3106313,0.86809375,3.95
"213",62,"Marshon Lattimore",13807,3106325,1.21863849765258,2.92
"214",63,"Marshon Lattimore",13807,3106331,0.879112426035503,3.62
"215",64,"Micah Hyde",13795,3103026,2.08616580310881,6.7
"216",65,"Mike Ford",13802,3103605,1.54216,3.44
"217",66,"Prince Amukamara",13809,3107348,2.14847368421053,5.95
"218",67,"Prince Amukamara",13809,3107350,1.52750853242321,5.77
"219",68,"Quandre Diggs",13802,3103605,2.0048,4.44
"220",69,"Rashaan Melvin",13802,3102231,3.14958333333333,8.91
"221",70,"Rashaan Melvin",13802,3103071,3.67538961038961,8.96
"222",71,"Rasul Douglas",13802,3103233,2.82054545454545,5.51
"223",72,"Roderic Teamer",13805,3105175,3.8475,7.09
"224",73,"Ronnie Harrison",13794,3081720,2.00817307692308,4.89
"225",74,"Stephon Gilmore",13801,3104133,3.41929411764706,7.49
"226",75,"Steven Nelson",13806,3105573,2.75471744471744,8.98
"227",76,"Steven Parker",13796,3102750,3.81055172413793,6.92
"228",77,"T.J. Carrie",13808,3106489,3.67642857142857,7.27
"229",78,"T.J. Carrie",13808,3106581,4.16512,7.99
"230",79,"T.J. Carrie",13808,3106587,3.3308547008547,6.78
"231",80,"T.J. Carrie",13808,3106625,3.40178571428571,6.23
"232",81,"T.J. Carrie",13808,3106725,3.31544444444444,7.09
"233",82,"T.J. Carrie",13808,3106800,2.6026213592233,8.03
"234",83,"T.J. Carrie",13808,3106865,2.06495575221239,5.59
"235",84,"T.J. Carrie",13808,3106905,2.304,5.74
"236",85,"Tony Jefferson",13799,3103077,2.11777003484321,5.45
"237",86,"Tony Jefferson",13799,3103598,1.9933704735376,6.42
"238",87,"Vernon Hargreaves III",13804,3104660,1.35398169336384,8.28
"239",88,"Vernon Hargreaves III",13804,3104831,2.81055793991416,8.65
"240",89,"Vernon Hargreaves III",13804,3105591,1.6736974789916,6.4
"241",90,"Vonn Bell",13807,3105802,1.99083333333333,6.67
"242",91,"Vonn Bell",13807,3105821,2.26905325443787,5.05
"243",92,"William Jackson III",13795,3101836,4.19440677966102,7.61
"244",93,"Xavien Howard",13796,3103337,2.46112781954887,5.5
"245",94,"Xavien Howard",13796,3103397,2.34352941176471,6.11
"246",1,"A.J. Bouye",13822,3130400,2.60427272727273,5.91
"247",2,"Amani Hooker",13811,3128112,4.73118421052632,6.75
"248",3,"Amani Hooker",13811,3129348,2.17828282828283,4.87
"249",4,"Andrew Sendejo",13810,3108080,1.28351711026616,5.97
"250",5,"Antoine Bethea",13816,3128535,1.90079646017699,6.06
"251",6,"B.W. Webb",13824,3131781,4.30602150537634,7.4
"252",7,"B.W. Webb",13824,3131823,4.35956989247312,9.44
"253",8,"Bradley McDougald",13820,3129665,3.43554545454545,6.24
"254",9,"Bradley McDougald",13820,3130123,3.34721518987342,5.34
"255",10,"Casey Hayward Jr.",13815,3127361,1.8381654676259,7.65
"256",11,"Casey Hayward Jr.",13815,3128070,2.76879032258064,6.72
"257",12,"Charvarius Ward",13813,3129859,3.22558139534884,5.81
"258",13,"Charvarius Ward",13813,3129883,2.73684981684982,9.43
"259",14,"Charvarius Ward",13813,3129888,1.60331395348837,4.35
"260",15,"Chris Harris Jr.",13822,3130062,3.02402597402597,5.1
"261",16,"De'Vante Bausby",13822,3130747,3.75787037037037,8.1
"262",17,"DeAndre Baker",13816,3127677,3.61967213114754,8.6
"263",18,"Duron Harmon",13812,3129576,2.26341666666667,5.61
"264",19,"Eli Apple",13823,3131331,4.49769230769231,8.06
"265",20,"Eli Apple",13823,3131444,5.17276119402985,8.45
"266",21,"Erik Harris",13814,3127277,3.45598984771574,7.3
"267",22,"Erik Harris",13814,3129053,2.70263636363636,5.67
"268",23,"Gareon Conley",13814,3128037,3.00220183486239,7.7
"269",24,"Isaiah Oliver",13811,3128792,3.12222222222222,7.37
"270",25,"J.C. Jackson",13812,3129576,2.11407692307692,5.68
"271",26,"Jabrill Peppers",13816,3127252,2.94763513513514,6.06
"272",27,"Jaire Alexander",13810,3107767,2.19523545706371,7.79
"273",28,"James Bradberry",13818,3128226,2.64282051282051,5.39
"274",29,"James Bradberry",13818,3129459,2.42228571428571,5.02
"275",30,"James Bradberry",13818,3129468,2.89793103448276,6.09
"276",31,"Johnathan Cyprien",13810,3107840,2.99272,6.75
"277",32,"Johnathan Cyprien",13810,3107844,2.19461538461538,5.01
"278",33,"Johnson Bademosi",13815,3127915,3.29842696629213,6.84
"279",34,"Juan Thornhill",13813,3129870,1.90855421686747,4.14
"280",35,"Juan Thornhill",13813,3129888,2.12360465116279,4.09
"281",36,"Karl Joseph",13814,3127628,3.40638190954774,8.26
"282",37,"Kenny Vaccaro",13811,3127874,3.72467391304348,7.46
"283",38,"Kenny Vaccaro",13811,3128399,3.07989130434783,4.7
"284",39,"Kevin Byard",13811,3129107,3.40243902439024,4.82
"285",40,"Kevin Peterson",13820,3130029,4.22366972477064,7.99
"286",41,"Kevin Peterson",13820,3130477,3.60958762886598,8.21
"287",42,"Levi Wallace",13812,3128199,2.53513043478261,7.9
"288",43,"Levi Wallace",13812,3129473,2.57116822429907,7.53
"289",44,"Malcolm Butler",13811,3129361,1.55291390728477,3.59
"290",45,"Marcus Peters",13819,3130457,4.12072463768116,6.21
"291",46,"Marcus Williams",13823,3131635,3.9755421686747,7.48
"292",47,"Marcus Williams",13823,3131637,4.13395833333333,7.97
"293",48,"Marcus Williams",13823,3131638,2.37756756756757,4.24
"294",49,"Mike Edwards",13819,3131292,2.70979591836735,4.03
"295",50,"Mike Edwards",13819,3131300,2.58439393939394,4.83
"296",51,"Prince Amukamara",13821,3129944,2.63508196721311,7.26
"297",52,"Prince Amukamara",13821,3130895,3.46392405063291,5.47
"298",53,"Prince Amukamara",13821,3130941,2.82970297029703,4.54
"299",54,"Prince Amukamara",13821,3131034,4.04709302325581,7.58
"300",55,"Quinton Dunbar",13816,3126971,2.51299363057325,7.11
"301",56,"Rasul Douglas",13810,3107847,5.02804597701149,8.56
"302",57,"Rasul Douglas",13810,3107988,4.74610526315789,8.58
"303",58,"Rasul Douglas",13810,3108152,4.31428571428571,8.13
"304",59,"Rayshawn Jenkins",13815,3127361,1.48241007194245,4.73
"305",60,"Rodney McLeod",13810,3108004,3.45722222222222,6.64
"306",61,"Rodney McLeod",13810,3108145,2.62607843137255,5.75
"307",62,"Steven Nelson",13824,3131904,1.95072164948454,5.12
"308",63,"T.J. Carrie",13817,3127680,2.99560240963855,7.3
"309",64,"T.J. Carrie",13817,3128739,2.52582677165354,5.61
"310",65,"Tedric Thompson",13820,3130947,3.511,7.3
"311",66,"Tony Jefferson",13817,3127765,3.19362139917695,9.23
"312",67,"Travis Kelce",13813,3129888,1.06,3.7
"313",68,"Tre Boston",13818,3127423,2.20647058823529,7.25
"314",69,"Tre Boston",13818,3128226,2.30931623931624,5.57
"315",70,"Tre Boston",13818,3129468,1.03327433628319,3.26
"316",71,"Tre Flowers",13820,3130123,3.4526582278481,6.2
"317",72,"Tre Flowers",13820,3130555,3.09583333333333,6.55
"318",73,"Trey Marshall",13822,3130578,1.72188235294118,3.98
"319",74,"Tyrann Mathieu",13813,3129883,1.93941391941392,7.78
"320",75,"Tyrann Mathieu",13813,3129888,1.67191860465116,5.97
"321",76,"Vernon Hargreaves III",13819,3130064,4.45506329113924,7.8
"322",77,"Vernon Hargreaves III",13819,3130283,3.30753086419753,7.17
"323",78,"Vernon Hargreaves III",13819,3130290,2.5928,6.16
"324",79,"Vernon Hargreaves III",13819,3130664,3.23232323232323,7.38
"325",80,"Vernon Hargreaves III",13819,3130998,2.26681034482759,6.03
"326",81,"Vernon Hargreaves III",13819,3131098,2.34175925925926,5.68
"327",82,"William Jackson III",13824,3131823,4.96827956989247,9.09
"328",83,"Xavier Woods",13823,3131540,2.24013245033113,4.65
"329",1,"A.J. Bouye",13834,3150601,4.10620437956204,9.13
"330",2,"Andrew Sendejo",13831,3150155,3.27035714285714,5.79
"331",3,"Anthony Harris",13830,3150704,2.75944134078212,5.93
"332",4,"Antoine Bethea",13830,3150012,2.57290076335878,7.23
"333",5,"Antoine Bethea",13830,3150760,2.02936708860759,4.63
"334",6,"Bradley McDougald",13825,3132410,3.38011904761905,5.5
"335",7,"Bradley Roby",13835,3149332,2.62101851851852,6.66
"336",8,"Byron Jones",13837,3153320,4.79127659574468,8.28
"337",9,"Byron Jones",13837,3153519,1.79045871559633,4.77
"338",10,"Casey Hayward Jr.",13836,3153334,2.07025641025641,6.22
"339",11,"Charvarius Ward",13838,3153732,2.17305921052632,9.75
"340",12,"Charvarius Ward",13838,3153807,1.40750561797753,7.74
"341",13,"Daryl Worley",13828,3152419,6.58030927835052,8.54
"342",14,"Davontae Harris",13836,3153371,1.57023853211009,7.48
"343",15,"Davontae Harris",13836,3153441,2.49110169491525,6.05
"344",16,"Davontae Harris",13836,3153448,2.56594202898551,4.65
"345",17,"DeAndre Baker",13830,3149109,3.16608,8.36
"346",18,"DeAndre Baker",13830,3149526,3.58737931034483,6.67
"347",19,"DeAndre Baker",13830,3149563,3.59654676258993,8.9
"348",20,"Duron Harmon",13833,3150560,2.85299401197605,5.87
"349",21,"Eli Apple",13829,3151652,2.70236220472441,5.47
"350",22,"Emmanuel Moseley",13839,3154005,4.44289308176101,7.16
"351",23,"Emmanuel Moseley",13839,3154145,4.16697478991597,8.93
"352",24,"Emmanuel Moseley",13839,3154217,2.64350877192982,5.26
"353",25,"Eric Weddle",13825,3132909,5.42974358974359,7.45
"354",26,"Erik Harris",13828,3150340,4.17455696202532,6.98
"355",27,"Erik Harris",13828,3152484,2.90793103448276,5.49
"356",28,"Jaire Alexander",13837,3153348,2.85576470588235,6.63
"357",29,"Jaire Alexander",13837,3153367,3.25649122807018,5.12
"358",30,"Jimmie Ward",13839,3153993,4.22277777777778,8.28
"359",31,"Jimmie Ward",13839,3154145,2.76336134453782,5.53
"360",32,"Justin Reid",13835,3152670,2.24335766423358,4.01
"361",33,"Kemal Ishmael",13835,3150789,1.64023255813953,3.07
"362",34,"Khari Willis",13838,3153936,3.59059459459459,8.67
"363",35,"Levi Wallace",13827,3149143,3.68884297520661,7.32
"364",36,"Logan Ryan",13827,3149875,4.254875,7.43
"365",37,"Lonnie Johnson Jr.",13835,3151099,2.84172727272727,6.89
"366",38,"Malcolm Butler",13827,3149316,3.03904761904762,7.38
"367",39,"Malcolm Butler",13827,3149453,2.1381512605042,5.97
"368",40,"Marcus Peters",13825,3132296,4.25467391304348,7.4
"369",41,"Marcus Peters",13825,3132868,4.40852631578947,7.24
"370",42,"Marcus Peters",13825,3132909,4.48461538461538,7.56
"371",43,"Marcus Williams",13829,3150814,3.68486486486486,6.74
"372",44,"Marcus Williams",13829,3152166,3.73538461538462,5.2
"373",45,"Marcus Williams",13829,3152206,1.72727272727273,4.03
"374",46,"Marcus Williams",13829,3152225,4.02211764705882,5.54
"375",47,"Marcus Williams",13829,3152251,1.95229166666667,6.27
"376",48,"Marlon Humphrey",13832,3150932,1.8238785046729,7.38
"377",49,"Marshon Lattimore",13829,3151832,2.48240506329114,5.24
"378",50,"Marshon Lattimore",13829,3152225,3.16105882352941,5.52
"379",51,"Marshon Lattimore",13829,3152251,2.09583333333333,6.62
"380",52,"Maurice Canady",13832,3149125,2.19033783783784,5.89
"381",53,"Maurice Canady",13832,3150238,2.52195402298851,7.83
"382",54,"Maurice Canady",13832,3151635,1.40777192982456,8.62
"383",55,"P.J. Williams",13829,3151251,3.14423423423423,8.46
"384",56,"Prince Amukamara",13828,3150102,2.76321428571429,6.7
"385",57,"Quinton Dunbar",13833,3149253,2.06394495412844,5.92
"386",58,"Quinton Dunbar",13833,3149990,2.94083333333333,8.46
"387",59,"Quinton Dunbar",13833,3151130,1.97456869009585,7.77
"388",60,"Quinton Dunbar",13833,3151902,2.56613445378151,7.29
"389",61,"Rasul Douglas",13831,3149899,2.26169014084507,6.92
"390",62,"Rasul Douglas",13831,3150155,2.545,4.13
"391",63,"Rasul Douglas",13831,3150523,2.79388157894737,6.3
"392",64,"Rock Ya-Sin",13838,3153705,2.68985611510791,7.77
"393",65,"Ross Cockrell",13834,3152550,4.45802469135803,8.71
"394",66,"Ross Cockrell",13834,3152558,3.172265625,6.24
"395",67,"Ross Cockrell",13834,3152564,2.65770186335404,7.79
"396",68,"Ross Cockrell",13834,3152572,0.683470149253731,1.91
"397",69,"Ross Cockrell",13834,3152577,1.95814159292035,3.92
"398",70,"Sean Murphy-Bunting",13829,3149900,3.91847222222222,7.13
"399",71,"Shaq Thompson",13834,3152572,1.70667910447761,5.75
"400",72,"Sharrod Neasman",13835,3150789,2.38131782945736,4.68
"401",73,"Stephon Gilmore",13833,3150560,3.18970059880239,5.3
"402",74,"Tedric Thompson",13825,3132750,3.19072289156626,5.58
"403",75,"Tramon Williams",13837,3153562,2.34846153846154,5.89
"404",76,"Tre Boston",13834,3152572,1.43522388059702,7.08
"405",77,"Tre Flowers",13825,3132182,4.10175,7.19
"406",78,"Tre Flowers",13825,3132189,3.81153846153846,7.45
"407",79,"Tre Flowers",13825,3132554,3.68147727272727,7.64
"408",80,"Tre Flowers",13825,3132755,2.71678571428571,6.6
"409",81,"Vernon Hargreaves III",13829,3149455,3.38704225352113,7.25
"410",1,"Anthony Harris",13845,3174911,3.72692307692308,7.94
"411",2,"Anthony Harris",13845,3174921,2.84329411764706,5.45
"412",3,"Bradley Roby",13843,3172991,5.70806201550388,9.17
"413",4,"Bradley Roby",13843,3173169,2.65874074074074,6.66
"414",5,"Brian Poole",13851,3176238,2.14243243243243,5.29
"415",6,"Byron Jones",13851,3175843,4.41111111111111,7.66
"416",7,"Byron Murphy",13849,3175071,3.79686868686869,8.57
"417",8,"C.J. Goodwin",13851,3176741,3.75688524590164,6.59
"418",9,"Charvarius Ward",13843,3175035,3.02447852760736,8
"419",10,"Chauncey Gardner-Johnson",13846,3173963,4.23276595744681,7.59
"420",11,"Darius Slay",13853,3177638,4.22465346534653,6.6
"421",12,"Darryl Roberts",13851,3176758,2.14909395973154,9.27
"422",13,"Darryl Roberts",13851,3176999,2.01067039106145,5.34
"423",14,"DeAndre Baker",13840,3154751,4.72526315789474,6.24
"424",15,"Delano Hill",13842,3174047,3.26,4.84
"425",16,"Eli Apple",13846,3174598,2.48737226277372,5.53
"426",17,"Emmanuel Moseley",13848,3176604,2.68684466019417,8.42
"427",18,"Eric Weddle",13848,3176052,2.10881355932203,2.87
"428",19,"Eric Weddle",13848,3176056,2.49261538461538,4.1
"429",20,"Isaiah Oliver",13849,3175771,3.88654545454545,9.56
"430",21,"Isaiah Oliver",13849,3176169,2.98471502590674,8.69
"431",22,"Jamar Taylor",13842,3174081,2.72514084507042,5.44
"432",23,"James Bradberry",13841,3172181,3.67045045045045,8.63
"433",24,"James Bradberry",13841,3172482,3.32021978021978,9.39
"434",25,"James Bradberry",13841,3172485,1.25176470588235,4.42
"435",26,"James Bradberry",13841,3172898,4.98,7.68
"436",27,"James Bradberry",13841,3172908,3.95717948717949,7.45
"437",28,"Jason McCourty",13840,3155447,3.63441176470588,5.7
"438",29,"Joe Haden",13852,3177180,1.93967213114754,5.94
"439",30,"Justin Reid",13843,3172991,4.2884496124031,7.62
"440",31,"Kemal Ishmael",13849,3175586,3.55101851851852,6.26
"441",32,"Kevin King",13853,3177379,2.34,4.73
"442",33,"Lonnie Johnson Jr.",13843,3173078,1.46777777777778,4.67
"443",34,"Lonnie Johnson Jr.",13843,3175084,3.61506024096386,9.05
"444",35,"Mack Wilson",13842,3173985,3.22229885057471,8.17
"445",36,"Malcolm Butler",13850,3176657,3.2650505050505,6.5
"446",37,"Marlon Humphrey",13847,3175112,3.1514606741573,5.96
"447",38,"Marshon Lattimore",13846,3173963,3.9248275862069,6.51
"448",39,"Mike Hughes",13845,3175147,3.33031914893617,5.22
"449",40,"Montae Nicholson",13844,3175229,2.26604651162791,4.23
"450",41,"Phillip Gaines",13843,3175103,3.56138888888889,8.86
"451",42,"Rasul Douglas",13845,3174538,2.43203389830508,6.61
"452",43,"Rasul Douglas",13845,3174777,3.1272380952381,8.07
"453",44,"Stephon Gilmore",13840,3154866,3.72897777777778,6.97
"454",45,"T.J. Carrie",13842,3173405,1.75614886731392,7.84
"455",46,"T.J. Carrie",13842,3173422,4.77465909090909,7.92
"456",47,"T.J. Carrie",13842,3173974,3.17375,6.65
"457",48,"Tedric Thompson",13842,3174081,1.90352112676056,6.88
"458",49,"Tony McRae",13847,3174713,2.97577981651376,6.07
"459",50,"Tre Boston",13841,3172480,2.22121739130435,5.24
"460",51,"Tre Flowers",13842,3174081,2.93507042253521,5.64
"461",52,"Tre Herndon",13846,3173865,2.38076923076923,6.31
"462",53,"Troy Hill",13848,3175363,3.64813333333333,5.75
"463",54,"Troy Hill",13848,3175626,4.268046875,7.34
"464",55,"Troy Hill",13848,3176007,4.43412698412698,6.26
"465",56,"Tyrann Mathieu",13843,3174901,3.13360248447205,7.81
"466",57,"Vernon Hargreaves III",13841,3172239,2.46132743362832,7.56
"467",58,"Vernon Hargreaves III",13841,3172758,2.96662921348315,6.15
"468",59,"William Jackson III",13847,3174125,3.67269230769231,6.52
"469",1,"A.J. Bouye",13857,3200862,3.26035714285714,4.89
"470",2,"A.J. Bouye",13857,3201107,2.1005,3.97
"471",3,"A.J. Bouye",13857,3202413,2.04682352941176,4.34
"472",4,"Andrew Sendejo",13866,3203935,2.04641304347826,4.37
"473",5,"Andrew Sendejo",13866,3203937,2.67823529411765,3.71
"474",6,"Anthony Harris",13858,3202341,4.285,6.39
"475",7,"Anthony Harris",13858,3202346,2.04648148148148,4.19
"476",8,"B.W. Webb",13857,3201018,4.273,6.76
"477",9,"B.W. Webb",13857,3201060,3.26247706422018,6.47
"478",10,"B.W. Webb",13857,3201413,4.558,8.83
"479",11,"Brandon Carr",13865,3202868,2.46670731707317,6.57
"480",12,"Brandon Carr",13865,3202894,6.32585714285714,9.16
"481",13,"Brandon Carr",13865,3203612,3.1789552238806,6.37
"482",14,"Brandon Carr",13865,3203621,2.26231707317073,4.99
"483",15,"Budda Baker",13861,3202125,2.94430555555556,4.55
"484",16,"Budda Baker",13861,3202206,4.27689189189189,6.01
"485",17,"Byron Jones",13866,3203734,4.33,5.96
"486",18,"Byron Jones",13866,3203782,3.9438,6.88
"487",19,"Byron Jones",13866,3203976,3.73701923076923,6.56
"488",20,"Byron Jones",13866,3203992,2.11884057971014,4.66
"489",21,"Byron Jones",13866,3204042,5.24902173913044,7.95
"490",22,"Byron Murphy",13861,3200909,3.54972602739726,5.87
"491",23,"Byron Murphy",13861,3201761,2.31767741935484,7.81
"492",24,"Charvarius Ward",13854,3178291,1.00131524008351,6.42
"493",25,"Chris Harris Jr.",13854,3178803,2.88128712871287,6.04
"494",26,"Cody Davis",13857,3201107,1.99778571428571,6.38
"495",27,"Darryl Roberts",13867,3204408,4.51727272727273,7.93
"496",28,"DeAndre Baker",13861,3199744,3.34911764705882,9.53
"497",29,"DeAndre Baker",13861,3200623,4.95479166666667,8.41
"498",30,"DeAndre Baker",13861,3201938,2.80464480874317,7.85
"499",31,"Erik Harris",13859,3200574,3.55101265822785,6.72
"500",32,"Harrison Smith",13858,3202007,2.82414634146341,4.37
"501",33,"J.C. Jackson",13867,3204370,4.80941176470588,8.25
"502",34,"Jabrill Peppers",13861,3200712,3.46705128205128,6.54
"503",35,"Jalen Ramsey",13855,3200643,2.96694117647059,7.55
"504",36,"Jalen Ramsey",13855,3201045,3.11820895522388,5.45
"505",37,"Joejuan Williams",13867,3204403,3.02087378640777,6.51
"506",38,"Karl Joseph",13859,3200992,2.33904494382022,5.78
"507",39,"Karl Joseph",13859,3201470,3.88828571428571,7.07
"508",40,"Keion Crossen",13860,3201961,4.83397058823529,8.29
"509",41,"Kevin King",13859,3201892,4.44921348314607,8.3
"510",42,"Levi Wallace",13856,3202222,4.43950617283951,6.98
"511",43,"Lonnie Johnson Jr.",13860,3200651,6.01369565217391,9.06
"512",44,"Malcolm Butler",13863,3202730,3.63775,8.14
"513",45,"Marcus Williams",13864,3203126,4.11057471264368,6.82
"514",46,"Marshon Lattimore",13864,3203126,3.29505747126437,6.37
"515",47,"Marshon Lattimore",13864,3203617,3.819875,5.6
"516",48,"Mike Hughes",13858,3202007,1.89121951219512,5.06
"517",49,"Patrick Peterson",13861,3202001,3.4931884057971,6.92
"518",50,"Prince Amukamara",13864,3203525,2.90845588235294,6.89
"519",51,"Rashaan Melvin",13858,3201859,3.26580952380952,8.18
"520",52,"Rayshawn Jenkins",13863,3202607,3.25578125,7.7
"521",53,"Rudy Ford",13866,3203939,1.81478260869565,3.58
"522",54,"Stephon Gilmore",13867,3204255,4.39581818181818,6.74
"523",55,"Stephon Gilmore",13867,3204401,3.63505617977528,8.51
"524",56,"Tre Flowers",13865,3203504,4.06985507246377,6.18
"525",57,"Xavier Rhodes",13858,3202346,1.00592592592593,3.74
"526",1,"Adrian Amos",13881,3228274,2.92906542056075,4.55
"527",2,"Amani Hooker",13873,3226885,2.79516129032258,4.9
"528",3,"Byron Murphy",13875,3225419,4.43795275590551,7.5
"529",4,"Byron Murphy",13875,3225950,4.23756097560976,8.49
"530",5,"Carlton Davis",13873,3223819,2.36204081632653,5.1
"531",6,"Charvarius Ward",13881,3228402,4.40130434782609,7.12
"532",7,"D.J. Reed Jr.",13878,3227933,3.84844827586207,8.54
"533",8,"Daryl Worley",13877,3227616,2.84097087378641,5.48
"534",9,"DeAndre Baker",13872,3224995,3.65984251968504,6.18
"535",10,"Devin McCourty",13880,3227579,4.219375,6.24
"536",11,"Emmanuel Moseley",13878,3227500,6.45175925925926,9.97
"537",12,"Emmanuel Moseley",13878,3227733,3.26092592592593,6.13
"538",13,"Gareon Conley",13877,3228057,4.08818181818182,6.99
"539",14,"George Odum",13879,3226752,2.55578947368421,5.63
"540",15,"Greedy Williams",13880,3226801,3.80170212765957,7.56
"541",16,"Harrison Smith",13868,3204912,3.99528,8.27
"542",17,"Isaiah Oliver",13869,3226045,1.50611111111111,2.56
"543",18,"Ken Webster",13882,3228636,3.25389830508475,5.13
"544",19,"Malcolm Butler",13873,3225134,3.56166666666667,5.77
"545",20,"Malcolm Butler",13873,3226624,3.23635416666667,7.11
"546",21,"Malcolm Butler",13873,3226901,3.7873,7.08
"547",22,"Marcus Williams",13875,3225278,4.1508,7.32
"548",23,"Marquise Blair",13869,3224640,3.65436781609195,7.92
"549",24,"Marquise Blair",13869,3226117,2.40506666666667,5.15
"550",25,"Marquise Blair",13869,3226159,2.20373333333333,4.76
"551",26,"Marshon Lattimore",13875,3224900,2.13267326732673,7.43
"552",27,"Marshon Lattimore",13875,3225278,5.4253,8.41
"553",28,"Michael Davis",13871,3224016,2.90081818181818,5.42
"554",29,"Michael Davis",13871,3224034,3.73655913978495,7.1
"555",30,"Michael Davis",13871,3226015,5.94779411764706,8.29
"556",31,"Mike Ford",13872,3224572,3.79231481481481,6.44
"557",32,"Mike Hughes",13868,3204912,3.65456,9.05
"558",33,"Prince Amukamara",13871,3224884,2.22763779527559,5.08
"559",34,"Prince Amukamara",13871,3226050,2.84059829059829,6.96
"560",35,"Rashaan Melvin",13872,3226180,2.46217948717949,5.54
"561",36,"Rayshawn Jenkins",13871,3224419,5.23544554455446,7.89
"562",37,"Steven Nelson",13882,3228599,3.8971875,7.41
"563",38,"Steven Nelson",13882,3228809,3.42846715328467,7.66
"564",39,"Steven Nelson",13882,3228848,3.21726495726496,7.09
"565",40,"Steven Nelson",13882,3228883,2.22539568345324,6.85
"566",41,"Tedric Thompson",13869,3224968,3.00388059701493,5.67
"567",42,"Tedric Thompson",13869,3225253,4.17506493506493,5.36
"568",43,"Terrell Edmunds",13882,3228885,3.71511627906977,7.8
"569",44,"Troy Hill",13874,3226024,2.50288590604027,4.81
"570",45,"Troy Hill",13874,3226620,2.57790476190476,5.19
"571",46,"Troy Hill",13874,3226645,4.03471337579618,7.48
"572",47,"Xavien Howard",13882,3228699,4.09422535211268,7.07
"573",1,"A.J. Bouye",13884,3245110,2.35423312883436,6.71
"574",2,"Anthony Averett",13895,3249267,3.39878787878788,10.06
"575",3,"Bobby McCain",13887,3245442,3.49975,6.55
"576",4,"Byron Jones",13896,3249956,3.42311320754717,7.2
"577",5,"Byron Jones",13896,3249981,3.455,6.53
"578",6,"Byron Jones",13896,3249984,3.43207920792079,6
"579",7,"Byron Jones",13896,3249990,2.44230769230769,6.08
"580",8,"Byron Jones",13896,3249997,2.83514851485149,5.61
"581",9,"Chuck Clark",13895,3248893,4.85638888888889,7.57
"582",10,"Cornell Armstrong",13884,3245120,3.34580357142857,6.71
"583",11,"Cornell Armstrong",13884,3245267,3.87357142857143,6.04
"584",12,"Davontae Harris",13893,3247774,2.63254545454545,4.39
"585",13,"Donte Jackson",13890,3246814,4.43969696969697,8.82
"586",14,"Donte Jackson",13890,3247272,2.6931746031746,4.6
"587",15,"Donte Jackson",13890,3247402,3.49037037037037,6.36
"588",16,"Eric Reid",13890,3247392,2.17013513513514,3.4
"589",17,"Erik Harris",13891,3247796,2.99894736842105,7.79
"590",18,"Gareon Conley",13884,3244971,2.05596330275229,5.25
"591",19,"Gareon Conley",13884,3245018,4.39638461538462,7.1
"592",20,"Gareon Conley",13884,3245120,2.62558035714286,5.24
"593",21,"Gareon Conley",13884,3245265,1.81403726708075,4.73
"594",22,"Gareon Conley",13884,3245267,2.62021978021978,5.94
"595",23,"Jimmie Ward",13883,3229371,4.62878378378378,6.06
"596",24,"Jimmie Ward",13883,3229636,2.17264406779661,6.11
"597",25,"Justin Reid",13884,3245159,2.15371859296482,4.03
"598",26,"Kenny Vaccaro",13890,3246277,2.86494736842105,5.72
"599",27,"Khari Willis",13889,3246254,1.67536912751678,6.25
"600",28,"Levi Wallace",13885,3247127,2.75369127516779,6.73
"601",29,"Malcolm Butler",13890,3245609,5.27878048780488,8.97
"602",30,"Malcolm Butler",13890,3246284,2.47467391304348,7.47
"603",31,"Malcolm Butler",13890,3246310,5.03629213483146,9.7
"604",32,"Marvell Tell III",13889,3246223,2.55731884057971,6.92
"605",33,"Marvell Tell III",13889,3246254,1.96818791946309,6.05
"606",34,"Micah Hyde",13885,3247140,3.45388888888889,6.54
"607",35,"Michael Davis",13894,3248263,3.36458333333333,5.58
"608",36,"Michael Davis",13894,3248690,3.39731182795699,6.36
"609",37,"Michael Davis",13894,3248726,3.97628787878788,8.61
"610",38,"Mike Adams",13884,3245370,2.50436507936508,5.25
"611",39,"Mike Adams",13884,3245377,2.96990384615385,7.39
"612",40,"Nik Needham",13887,3245611,2.97822784810127,7.44
"613",41,"Nik Needham",13887,3245905,3.85866071428571,7.47
"614",42,"Nik Needham",13887,3246871,3.80144230769231,6.94
"615",43,"Prince Amukamara",13888,3246413,4.91039215686274,8.1
"616",44,"Rayshawn Jenkins",13894,3248514,4.99529411764706,8.06
"617",45,"Ronald Darby",13888,3245728,2.73826086956522,6.85
"618",46,"Ronald Darby",13888,3246185,2.35700680272109,6.79
"619",47,"Ronald Darby",13888,3246901,3.77378378378378,8.53
"620",48,"Steven Nelson",13889,3247077,2.9586301369863,6.07
"621",49,"Tre Flowers",13892,3248448,2.00314049586777,4.98
"622",50,"Tre Herndon",13884,3244959,2.40813664596273,5.34
"623",51,"Xavier Woods",13896,3249977,2.27990291262136,4.34
"624",52,"Xavier Woods",13896,3249994,1.69008928571429,3.9
"625",53,"Xavier Woods",13896,3249997,2.08920792079208,3.91
"626",1,"Adoree' Jackson",13902,3266957,3.50464285714286,6.1
"627",2,"Adoree' Jackson",13902,3267181,2.8115873015873,5.61
"628",3,"Adoree' Jackson",13902,3269038,5.11575221238938,10.16
"629",4,"Amani Hooker",13902,3269038,2.11345132743363,4.48
"630",5,"Andrew Adams",13905,3269082,2.22398305084746,4
"631",6,"Anthony Harris",13908,3270532,1.58034482758621,2.73
"632",7,"B.W. Webb",13899,3267866,3.82401709401709,9.6
"633",8,"Blessuan Austin",13904,3267943,4.06664383561644,8.28
"634",9,"Bradley McDougald",13909,3271285,3.486,7.89
"635",10,"Charvarius Ward",13902,3268243,2.83903225806452,6.88
"636",11,"Darius Slay",13898,3267669,2.0692,4.19
"637",12,"Denzel Ward",13900,3267629,2.81323529411765,5.45
"638",13,"Donte Jackson",13901,3269212,2.96860962566845,9.21
"639",14,"Donte Jackson",13901,3269302,4.30709677419355,8.45
"640",15,"Donte Jackson",13901,3269309,3.14402366863905,6.83
"641",16,"Donte Jackson",13901,3269714,4.70837398373984,10.14
"642",17,"Emmanuel Moseley",13909,3271226,3.96984375,6.87
"643",18,"Emmanuel Moseley",13909,3271232,4.22733333333333,8.42
"644",19,"Emmanuel Moseley",13909,3271565,2.13134110787172,5.25
"645",20,"Emmanuel Moseley",13909,3271566,3.42956043956044,5.12
"646",21,"Eric Reid",13901,3269309,2.70917159763314,7.74
"647",22,"Eric Reid",13901,3269926,2.85705128205128,6.44
"648",23,"Greedy Williams",13900,3266860,2.62944444444444,5.94
"649",24,"Greedy Williams",13900,3267905,2.69933823529412,7.15
"650",25,"Greedy Williams",13900,3268034,3.88225806451613,9.66
"651",26,"Greedy Williams",13900,3268980,2.76258741258741,5.72
"652",27,"Harrison Smith",13908,3270528,3.61948051948052,5.21
"653",28,"Harrison Smith",13908,3270530,2.06896551724138,3.86
"654",29,"Harrison Smith",13908,3270532,2.49086206896552,4.53
"655",30,"Isaiah Oliver",13903,3267303,4.935,8.65
"656",31,"Isaiah Oliver",13903,3267316,4.01466666666667,6.34
"657",32,"Jabrill Peppers",13904,3268303,2.86834482758621,7.31
"658",33,"Jalen Ramsey",13907,3269383,3.20564814814815,7.5
"659",34,"Jamal Adams",13904,3268964,2.21769841269841,4.42
"660",35,"Jamal Adams",13904,3268972,3.63148014440433,5.55
"661",36,"Jamel Dean",13905,3268309,3.37551724137931,5.89
"662",37,"Jamel Dean",13905,3268909,2.90441964285714,8.94
"663",38,"Jamel Dean",13905,3269114,2.9604347826087,7.9
"664",39,"Jayron Kearse",13908,3270532,2.02086206896552,4.35
"665",40,"Jimmy Smith",13899,3267378,3.32065476190476,7.86
"666",41,"Jordan Whitehead",13905,3268309,3.93572413793103,6.17
"667",42,"Kenny Moore II",13906,3269026,4.21850574712644,7.63
"668",43,"Kenny Vaccaro",13902,3266745,2.6476,6.35
"669",44,"Kevin King",13901,3269257,3.92014184397163,8.59
"670",45,"Kevin King",13901,3270049,3.22851351351351,6.77
"671",46,"Mackensie Alexander",13908,3270455,3.65990566037736,7.78
"672",47,"Michael Davis",13897,3252464,3.34931034482759,7.17
"673",48,"Nick Kwiatkoski",13898,3267039,4.5942,7.78
"674",49,"Nickell Robey-Coleman",13907,3269585,2.8156779661017,5.76
"675",50,"Nickell Robey-Coleman",13907,3269587,3.17218181818182,6.45
"676",51,"Prince Amukamara",13898,3267535,3.32662337662338,6.47
"677",52,"Prince Amukamara",13898,3268214,2.72294117647059,4.11
"678",53,"Prince Amukamara",13898,3268584,1.93535211267606,4.01
"679",54,"Prince Amukamara",13898,3268885,3.13616438356164,5.22
"680",55,"Quandre Diggs",13909,3271251,3.57242424242424,6.2
"681",56,"Ryan Lewis",13906,3269264,4.86609090909091,8.69
"682",57,"Sean Murphy-Bunting",13905,3267445,3.38713541666667,8.71
"683",58,"Sean Murphy-Bunting",13905,3267519,3.24254901960784,6.6
"684",59,"Sean Murphy-Bunting",13905,3268122,2.91570909090909,6.68
"685",60,"Shawn Williams",13899,3266927,3.29484210526316,8.11
"686",61,"Steven Nelson",13907,3269963,1.6353781512605,4.9
"687",62,"Tre Boston",13901,3269302,3.56236559139785,7.78
"688",63,"Tre Flowers",13909,3271145,4.21301587301587,6.46
"689",64,"Tre Flowers",13909,3271251,3.72484848484849,6.38
"690",65,"Troy Hill",13907,3269214,3.34150684931507,7.78
"691",66,"Troy Hill",13907,3269223,2.05773722627737,7.32
"692",67,"Troy Hill",13907,3269482,2.36729166666667,7.19
"693",68,"Troy Hill",13907,3269536,3.12351851851852,6.65
"694",69,"Troy Hill",13907,3269812,2.71183673469388,6.6
"695",70,"Xavier Rhodes",13908,3270163,3.67333333333333,6.49
"696",71,"Xavier Rhodes",13908,3270455,2.88254716981132,6.4
"697",72,"Xavier Rhodes",13908,3270528,2.16545454545455,4.79
"698",1,"Amani Oruwariye",13911,3291804,3.87449612403101,8.62
"699",2,"Bobby McCain",13913,3290393,3.85248366013072,7.35
"700",3,"Byron Jones",13911,3292192,2.68635869565217,6.69
"701",4,"Byron Murphy",13919,3293559,3.02875912408759,5.59
"702",5,"Byron Murphy",13919,3293563,2.75225352112676,5.84
"703",6,"Carlton Davis",13915,3291723,2.96214285714286,6.79
"704",7,"Casey Hayward Jr.",13923,3295373,4.38301587301587,6.46
"705",8,"Casey Hayward Jr.",13923,3295465,2.8812389380531,7.86
"706",9,"Charvarius Ward",13923,3295341,4.21333333333333,8.89
"707",10,"Darius Slay",13911,3290816,2.03895061728395,4.75
"708",11,"Darius Slay",13911,3292028,2.67688073394495,7.92
"709",12,"Davontae Harris",13914,3291160,2.16586538461538,3.82
"710",13,"Denzel Ward",13910,3273670,4.2858064516129,9.38
"711",14,"Devin McCourty",13921,3292777,3.50541935483871,6.65
"712",15,"Duron Harmon",13921,3293723,2.37342105263158,5.66
"713",16,"Duron Harmon",13921,3293846,2.35831775700935,4.22
"714",17,"Duron Harmon",13921,3293851,1.866875,3.35
"715",18,"Duron Harmon",13921,3293854,3.5851497005988,9.07
"716",19,"Eli Apple",13915,3290998,2.08087719298246,8.19
"717",20,"Eli Apple",13915,3291008,2.11940677966102,6.93
"718",21,"Eli Apple",13915,3291021,1.5603937007874,4.63
"719",22,"Emmanuel Moseley",13919,3292746,3.70986206896552,7.36
"720",23,"Emmanuel Moseley",13919,3292953,3.07161290322581,7.38
"721",24,"Emmanuel Moseley",13919,3293213,4.9872602739726,6.63
"722",25,"George Odum",13912,3291176,3.33978021978022,5.19
"723",26,"Greedy Williams",13910,3273535,2.61572519083969,8.03
"724",27,"Greedy Williams",13910,3273555,4.2921582733813,8.11
"725",28,"Greedy Williams",13910,3273648,3.76277777777778,9.28
"726",29,"Greedy Williams",13910,3274139,3.37292929292929,7.02
"727",30,"Greedy Williams",13910,3274182,2.45185840707965,5.84
"728",31,"Greedy Williams",13910,3274185,2.7515625,5.82
"729",32,"Isaiah Oliver",13917,3291306,3.81739130434783,6.8
"730",33,"Isaiah Oliver",13917,3292194,3.63986486486486,6.62
"731",34,"Jalen Thompson",13919,3293375,4.32964705882353,6.89
"732",35,"Jamie Collins Sr.",13921,3293854,2.95437125748503,5.64
"733",36,"Jason McCourty",13921,3292612,3.65684563758389,8.67
"734",37,"Jason McCourty",13921,3293854,4.51395209580838,8.44
"735",38,"Jatavis Brown",13923,3295209,3.79489051094891,6.95
"736",39,"Jessie Bates III",13920,3293364,5.63084905660377,8.08
"737",40,"Jimmy Smith",13918,3290754,2.13760869565217,7.25
"738",41,"Jimmy Smith",13918,3290835,1.94688073394495,5.12
"739",42,"Johnathan Joseph",13918,3289784,3.30447852760736,6.54
"740",43,"Johnathan Joseph",13918,3292068,3.96883720930233,8.66
"741",44,"Jonathan Jones",13921,3293854,2.04323353293413,5.25
"742",45,"Kendall Sheffield",13917,3290368,1.78086956521739,5.43
"743",46,"Kenny Moore II",13912,3291530,4.29908045977012,7.04
"744",47,"Levi Wallace",13913,3290812,2.75654867256637,7.38
"745",48,"Lonnie Johnson Jr.",13918,3289784,2.00429447852761,5.96
"746",49,"Malik Hooker",13912,3291176,3.98461538461538,6.72
"747",50,"Marcus Williams",13915,3290990,2.60725352112676,5.55
"748",51,"Marvell Tell III",13912,3291165,2.96491935483871,6.85
"749",52,"Marvell Tell III",13912,3291176,3.75351648351648,6.69
"750",53,"Maurice Canady",13916,3292301,2.45877777777778,5.3
"751",54,"Micah Hyde",13913,3292483,3.21278350515464,5.88
"752",55,"Michael Davis",13923,3295208,4.68708955223881,10
"753",56,"Michael Davis",13923,3295209,2.24700729927007,5.6
"754",57,"Montae Nicholson",13916,3291716,3.46266272189349,7.23
"755",58,"P.J. Williams",13915,3290990,1.90169014084507,5.75
"756",59,"P.J. Williams",13915,3291817,2.0925,5.67
"757",60,"Rayshawn Jenkins",13923,3295209,3.59394160583942,7.73
"758",61,"Sean Murphy-Bunting",13915,3290528,4.0581935483871,9.02
"759",62,"Stephon Gilmore",13921,3293842,2.71267857142857,6.45
"760",63,"Stephon Gilmore",13921,3293846,2.89009345794393,6.98
"761",64,"Stephon Gilmore",13921,3293851,2.958125,5.31
"762",65,"Stephon Gilmore",13921,3293854,3.28706586826347,6.76
"763",66,"Steven Nelson",13910,3273459,4.37172413793103,9.14
"764",67,"Steven Nelson",13910,3274005,3.2363,6.23
"765",68,"Vonn Bell",13915,3290998,2.37087719298246,5.87
"766",69,"Will Harris",13911,3291804,3.12387596899225,5.14
"767",1,"A.J. Bouye",13933,3320625,5.13466101694915,6.95
"768",2,"Ahkello Witherspoon",13935,3321381,4.21727810650888,9.01
"769",3,"Amani Oruwariye",13932,3319668,2.86245283018868,5.29
"770",4,"Andrew Adams",13925,3320199,4.11113636363636,6.1
"771",5,"Blessuan Austin",13931,3319984,4.49789473684211,7.59
"772",6,"Bradley McDougald",13936,3320138,1.70956043956044,7.9
"773",7,"Byron Jones",13934,3320702,3.49980392156863,7.32
"774",8,"Byron Jones",13934,3320707,2.62179856115108,6.7
"775",9,"Byron Jones",13934,3320715,2.87102803738318,7.87
"776",10,"Byron Jones",13934,3320845,1.58352941176471,5.16
"777",11,"Carlton Davis",13925,3319288,2.65337209302326,6.73
"778",12,"Chris Harris Jr.",13926,3317884,1.87589552238806,6.06
"779",13,"Darius Slay",13932,3319461,3.53422680412371,6.76
"780",14,"Darius Slay",13932,3319810,2.48329268292683,7.11
"781",15,"Darius Slay",13932,3319874,2.02126436781609,4.27
"782",16,"Darqueze Dennard",13928,3320036,4.75584905660377,8.95
"783",17,"Davontae Harris",13926,3319051,3.24382352941176,6.49
"784",18,"DeAndre Baker",13927,3317668,3.860125,6.9
"785",19,"DeAndre Baker",13927,3317704,3.59714285714286,7.38
"786",20,"DeAndre Baker",13927,3317816,3.94934210526316,7.39
"787",21,"DeAndre Baker",13927,3318764,4.27292929292929,7.53
"788",22,"Donte Jackson",13930,3317247,3.1950406504065,5.65
"789",23,"Emmanuel Moseley",13935,3321517,3.65772151898734,6.38
"790",24,"Gareon Conley",13924,3297294,2.93632911392405,8.98
"791",25,"Gareon Conley",13924,3297483,4.24558558558559,9.4
"792",26,"Gareon Conley",13924,3297619,2.89761627906977,9.36
"793",27,"Gareon Conley",13924,3297745,4.14693430656934,9.1
"794",28,"Greedy Williams",13929,3318786,3.43992537313433,8.16
"795",29,"J.C. Jackson",13934,3320793,4.21259259259259,7.52
"796",30,"Jahleel Addae",13924,3297294,2.63801687763713,7.93
"797",31,"James Bradberry",13930,3319601,6.16171052631579,9.43
"798",32,"Jeff Heath",13934,3320845,1.62994117647059,5.15
"799",33,"Jimmy Smith",13937,3322491,2.30345454545455,5.49
"800",34,"Jimmy Smith",13937,3322552,2.74972413793103,4.84
"801",35,"Joe Thomas",13934,3320617,2.80326923076923,8.07
"802",36,"Ken Crawley",13929,3317709,2.46065359477124,6.19
"803",37,"Kevin Johnson",13926,3319424,3.841328125,5.4
"804",38,"Landon Collins",13932,3317231,3.57734042553192,5.17
"805",39,"LeShaun Sims",13933,3320235,2.86267326732673,5.63
"806",40,"LeShaun Sims",13933,3320544,2.77703296703297,5.87
"807",41,"Marcus Williams",13930,3319551,3.94663265306122,7.71
"808",42,"Marvell Tell III",13924,3297264,2.28598360655738,5.91
"809",43,"Mike Edwards",13925,3318510,3.61,6.57
"810",44,"P.J. Williams",13930,3318056,2.18322580645161,5.45
"811",45,"Prince Amukamara",13927,3319582,4.51581395348837,8.61
"812",46,"Prince Amukamara",13927,3319815,2.32533980582524,5.17
"813",47,"Prince Amukamara",13927,3319912,3.12602272727273,5.7
"814",48,"Prince Amukamara",13927,3319945,2.50652892561983,7.28
"815",49,"Prince Amukamara",13927,3320123,2.81434782608696,6.42
"816",50,"Quandre Diggs",13936,3320079,2.4327,4.71
"817",51,"Quinton Dunbar",13932,3317555,2.86260869565217,5.55
"818",52,"Quinton Dunbar",13932,3317772,1.81756756756757,5.95
"819",53,"Quinton Dunbar",13932,3320020,2.91022058823529,8.13
"820",54,"Quinton Dunbar",13932,3320039,2.50481927710843,4.45
"821",55,"Sam Beal",13927,3319534,5.16622754491018,9.54
"822",56,"Steven Nelson",13928,3318598,4.70444444444444,8.9
"823",57,"Steven Nelson",13928,3318629,3.59447368421053,7.78
"824",58,"Steven Nelson",13928,3319310,1.64607476635514,4.51
"825",59,"Tavon Wilson",13932,3319461,3.9439175257732,7.75
"826",60,"Terrell Edmunds",13928,3318765,3.7544578313253,4.87
"827",61,"Tre Flowers",13936,3319832,1.90390476190476,5.75
"828",62,"Tre Flowers",13936,3320095,1.94242990654206,5.62
"829",63,"Troy Apke",13932,3320157,3.05785185185185,6.14
"830",64,"Troy Apke",13932,3320169,3.44956043956044,5.24
"831",65,"Troy Hill",13937,3322508,3.4375,8.55
"832",66,"William Jackson III",13928,3318568,3.06227586206897,7.61
"833",67,"William Jackson III",13928,3318875,6.46971428571429,9.04
"834",1,"A.J. Bouye",13947,3346284,3.70742857142857,8.64
"835",2,"Adrian Colbert",13944,3347652,1.6751724137931,4.2
"836",3,"Adrian Colbert",13944,3347662,2.07009803921569,7.22
"837",4,"Ahkello Witherspoon",13948,3345251,4.87539473684211,8.44
"838",5,"Ahkello Witherspoon",13948,3347076,3.04678391959799,8.53
"839",6,"Amani Hooker",13942,3347328,3.17855263157895,6.83
"840",7,"Amani Hooker",13942,3347345,2.98166666666667,5.97
"841",8,"Amani Hooker",13942,3347360,2.85882882882883,6.34
"842",9,"Amani Oruwariye",13938,3323601,2.58342281879195,7.8
"843",10,"Bradley Roby",13952,3348922,2.81,7.06
"844",11,"Bradley Roby",13952,3349153,2.66217741935484,6.51
"845",12,"Brandon Facyson",13950,3348257,2.09364864864865,3.24
"846",13,"Brandon Facyson",13950,3348266,4.63454545454545,7.07
"847",14,"Brandon Facyson",13950,3348753,3.52637931034483,6.18
"848",15,"Buster Skrine",13938,3323591,3.6955223880597,9.02
"849",16,"Byron Jones",13939,3323794,2.268,4.88
"850",17,"Casey Hayward Jr.",13950,3348184,4.91777777777778,8.64
"851",18,"Curtis Riley",13943,3348198,3.97613333333333,5.83
"852",19,"D.J. Swearinger Sr.",13943,3348553,2.22466292134831,5.41
"853",20,"Derwin James",13950,3348266,3.17649350649351,6.85
"854",21,"Desmond King II",13950,3348257,0.985,2.73
"855",22,"Dont'e Deayon",13949,3348457,1.92487804878049,3.46
"856",23,"Dont'e Deayon",13949,3348548,2.62487012987013,5.73
"857",24,"Dont'e Deayon",13949,3348554,2.12946601941748,6.99
"858",25,"Dont'e Deayon",13949,3348564,1.42447488584475,5.6
"859",26,"Dont'e Deayon",13949,3348577,3.56145631067961,7
"860",27,"Duron Harmon",13952,3348957,3.34648484848485,6.04
"861",28,"Eddie Jackson",13938,3323591,3.61298507462687,8.44
"862",29,"Eli Apple",13940,3324692,1.8940404040404,4.83
"863",30,"Eric Weddle",13949,3348147,3.52739130434783,5.87
"864",31,"Erik Harris",13943,3348022,2.95977611940299,5.95
"865",32,"Isaac Yiadom",13950,3347749,4.46914634146341,7.39
"866",33,"Jaire Alexander",13945,3346605,3.25673469387755,6.93
"867",34,"Jake Gervase",13949,3348548,3.67779220779221,6.67
"868",35,"Ken Webster",13944,3345046,3.59747663551402,5.59
"869",36,"Ken Webster",13944,3347471,5.43246575342466,8.32
"870",37,"Ken Webster",13944,3347568,1.29975903614458,2.42
"871",38,"Ken Webster",13944,3347652,3.48926470588235,5.44
"872",39,"Kenny Vaccaro",13942,3345555,3.55602272727273,5.5
"873",40,"Lamarcus Joyner",13943,3347977,3.81882681564246,8.83
"874",41,"Levi Wallace",13939,3324013,3.78934065934066,6.34
"875",42,"Levi Wallace",13939,3324058,2.20902912621359,5.9
"876",43,"Lonnie Johnson Jr.",13952,3349010,2.00810126582279,6.57
"877",44,"Lonnie Johnson Jr.",13952,3349013,2.17580838323353,6.98
"878",45,"Lonnie Johnson Jr.",13952,3349087,3.59871287128713,6.46
"879",46,"Lonnie Johnson Jr.",13952,3349160,1.81666666666667,4.8
"880",47,"Lonnie Johnson Jr.",13952,3349190,2.49947368421053,7.19
"881",48,"Marqui Christian",13949,3348577,3.08582524271845,7.64
"882",49,"Mike Edwards",13947,3346253,3.79717391304348,5.7
"883",50,"Mike Hughes",13953,3350228,4.47540983606557,8.38
"884",51,"Montae Nicholson",13946,3347448,2.50562189054726,7.9
"885",52,"Prince Amukamara",13938,3323440,3.55503105590062,7.3
"886",53,"Prince Amukamara",13938,3323519,2.2225,5.3
"887",54,"Prince Amukamara",13938,3323525,3.082,7.07
"888",55,"Prince Amukamara",13938,3323667,5.41486111111111,8.69
"889",56,"Prince Amukamara",13938,3323707,3.12614864864865,7.05
"890",57,"Quinton Dunbar",13946,3347448,3.44771144278607,4.89
"891",58,"Quinton Dunbar",13946,3347594,5.28515789473684,8.79
"892",59,"Quinton Dunbar",13946,3347644,2.24983870967742,3.79
"893",60,"Rayshawn Jenkins",13950,3348266,3.35805194805195,6.5
"894",61,"Ronald Darby",13944,3345671,3.23727272727273,8.12
"895",62,"Ryan Lewis",13944,3346636,5.01057142857143,8.15
"896",63,"Ryan Smith",13947,3347601,4.12163043478261,6.84
"897",64,"Sam Beal",13945,3346358,2.57245508982036,5.9
"898",65,"Stephon Gilmore",13952,3348957,2.51418181818182,6.73
"899",66,"Terrell Edmunds",13951,3347539,2.45235294117647,4.8
"900",67,"Terrell Edmunds",13951,3347564,4.31355555555556,7.74
"901",68,"Tre Flowers",13953,3350179,3.27304347826087,5.87
"902",69,"Tre Flowers",13953,3350216,2.37608856088561,7.86
"903",70,"Troy Apke",13946,3347227,1.94517730496454,5.86
"904",71,"Troy Apke",13946,3347448,1.86606965174129,4.13
"905",72,"Troy Hill",13949,3348132,3.82792682926829,7.21
"906",73,"Troy Hill",13949,3348259,2.46056603773585,6.88
"907",74,"Vonn Bell",13940,3324566,2.63416666666667,3.87
"908",75,"William Jackson III",13941,3347327,2.84564417177914,6.84
"909",76,"William Jackson III",13941,3347463,3.08401869158878,7.13
"910",77,"Xavier Rhodes",13953,3350135,2.02321100917431,4.89
"911",1,"Adrian Colbert",13961,3356004,5.24509523809524,7.43
"912",2,"Adrian Colbert",13961,3356682,3.85927419354839,7.5
"913",3,"Ahkello Witherspoon",13960,3356540,2.80171428571429,6.69
"914",4,"Antoine Bethea",13969,3359131,3.04798994974874,6.41
"915",5,"Brandon Facyson",13964,3358488,3.43580952380952,5.95
"916",6,"Byron Jones",13954,3350569,3.92692307692308,7.33
"917",7,"Casey Hayward Jr.",13964,3357725,3.28336842105263,6.87
"918",8,"Chandon Sullivan",13958,3356965,3.81270588235294,6.19
"919",9,"Charvarius Ward",13966,3357593,2.6948,6.85
"920",10,"Charvarius Ward",13966,3358088,2.75906077348066,8.01
"921",11,"Charvarius Ward",13966,3358570,3.15878787878788,8.55
"922",12,"Chris Harris Jr.",13963,3354611,2.13779411764706,4.93
"923",13,"Chris Harris Jr.",13963,3355865,1.37745562130178,4.48
"924",14,"Chris Harris Jr.",13963,3357130,2.1953125,5.02
"925",15,"Chuck Clark",13956,3356116,3.0651724137931,6.01
"926",16,"Clayton Geathers",13962,3355568,2.12723958333333,6.59
"927",17,"Clayton Geathers",13962,3355662,3.49774590163934,6.61
"928",18,"Damarious Randall",13957,3356022,2.59752252252252,6.99
"929",19,"Damarious Randall",13957,3357308,2.98032786885246,6.87
"930",20,"Darius Slay",13959,3355220,3.34809090909091,7.52
"931",21,"Davontae Harris",13963,3357263,2.86788793103448,8.42
"932",22,"DeAndre Baker",13969,3359371,2.51226666666667,6.38
"933",23,"Deon Bush",13954,3350796,3.7904854368932,6.22
"934",24,"Devin McCourty",13966,3357923,3.15913669064748,5.47
"935",25,"Devin McCourty",13966,3358103,2.67756578947368,5.52
"936",26,"Duron Harmon",13966,3357691,3.69368932038835,6.72
"937",27,"Duron Harmon",13966,3358107,3.20427083333333,6.77
"938",28,"Eddie Jackson",13954,3350782,3.185,5.74
"939",29,"Greedy Williams",13957,3354547,2.84131868131868,8.11
"940",30,"Greedy Williams",13957,3355992,2.21838709677419,6.1
"941",31,"Greedy Williams",13957,3356022,2.08085585585586,6.25
"942",32,"Greedy Williams",13957,3356194,1.54846994535519,5.82
"943",33,"Greedy Williams",13957,3357308,2.5544262295082,6.89
"944",34,"Ha Ha Clinton-Dix",13954,3350705,3.09685714285714,6.6
"945",35,"Ha Ha Clinton-Dix",13954,3350751,4.01094488188976,6.7
"946",36,"Ha Ha Clinton-Dix",13954,3350785,1.87773333333333,4.18
"947",37,"Ha Ha Clinton-Dix",13954,3350787,1.52761194029851,2.32
"948",38,"Isaac Yiadom",13963,3355368,3.67435294117647,7.02
"949",39,"Isaiah Oliver",13955,3356757,4.95045197740113,7.01
"950",40,"J.C. Jackson",13966,3358121,2.29008810572687,6.41
"951",41,"Jalen Ramsey",13968,3358928,3.18561797752809,6.23
"952",42,"Jalen Ramsey",13968,3359012,2.32444444444444,4.57
"953",43,"Jalen Ramsey",13968,3359015,3.01241071428571,7.1
"954",44,"Jalen Ramsey",13968,3359023,1.92866666666667,3.15
"955",45,"Jamel Dean",13962,3356781,2.28619565217391,10.36
"956",46,"Jimmy Smith",13956,3355863,1.98285714285714,4.47
"957",47,"Jimmy Smith",13956,3357262,2.73267857142857,6.39
"958",48,"Jordan Whitehead",13962,3355869,3.44564356435644,8.88
"959",49,"Justin Simmons",13963,3357263,2.11534482758621,5.48
"960",50,"Kareem Jackson",13963,3356831,3.07148351648352,6.21
"961",51,"Kareem Jackson",13963,3356958,2.8258865248227,4.25
"962",52,"Kevin Peterson",13967,3357520,2.58473988439306,6.79
"963",53,"Kevin Peterson",13967,3358450,4.11947826086957,8.56
"964",54,"Marcus Epps",13969,3359174,3.371004784689,7.03
"965",55,"Mike Hilton",13967,3358531,4.80146341463415,6.72
"966",56,"Mike Hughes",13959,3356244,4.15537634408602,8.95
"967",57,"Montae Nicholson",13958,3356190,3.45102941176471,6.28
"968",58,"Ricardo Allen",13955,3356757,2.57203389830508,9.1
"969",59,"Rock Ya-Sin",13962,3355638,2.11588607594937,5.98
"970",60,"Rock Ya-Sin",13962,3355788,2.1820625,6.36
"971",61,"Sam Beal",13969,3359131,3.39673366834171,8.85
"972",62,"Sean Murphy-Bunting",13962,3356564,2.9392972972973,8.99
"973",63,"Steven Nelson",13967,3358544,2.45055118110236,5.22
"974",64,"Terrell Edmunds",13967,3358237,1.56208791208791,4.49
"975",65,"Tre Flowers",13968,3358822,3.85308510638298,8.28
"976",66,"Tre'Davious White",13956,3354703,3.99056603773585,7.14
"977",67,"Trey Marshall",13963,3354611,2.38569852941176,6.42
"978",68,"Trey Marshall",13963,3357263,3.24952586206897,7.39
"979",69,"Troy Hill",13968,3358946,2.97647058823529,6.65
"980",70,"Tye Smith",13965,3358224,2.46654411764706,5.79
"981",71,"Tye Smith",13965,3358498,2.70781609195402,5.77
"982",72,"William Jackson III",13957,3355099,2.97745762711864,5.99
"983",73,"William Jackson III",13957,3355548,2.60759162303665,7.33
"984",74,"Xavier Woods",13954,3350569,4.23509615384615,7.58
"985",1,"A.J. Bouye",13980,3363617,2.57898148148148,6.08
"986",2,"A.J. Bouye",13980,3365124,2.1193023255814,6.11
"987",3,"A.J. Bouye",13980,3365131,3.17736842105263,6.58
"988",4,"A.J. Bouye",13980,3365145,2.85388429752066,9.29
"989",5,"Adrian Amos",13973,3362203,2.92599423631124,7.86
"990",6,"Adrian Amos",13973,3363649,2.14215909090909,3.79
"991",7,"Adrian Amos",13973,3363661,3.09267716535433,7
"992",8,"Adrian Amos",13973,3363668,2.91995901639344,6.63
"993",9,"Adrian Colbert",13976,3361171,3.84051724137931,6.76
"994",10,"Adrian Colbert",13976,3362092,2.9581746031746,6.92
"995",11,"Adrian Colbert",13976,3362101,3.21647727272727,6.63
"996",12,"Andrew Adams",13972,3362904,3.58076530612245,6.84
"997",13,"Andrew Sendejo",13984,3365064,3.65619565217391,6.54
"998",14,"Andrew Sendejo",13984,3365073,3.28928571428571,4.8
"999",15,"Andrew Sendejo",13984,3365091,3.14173913043478,5.46
"1000",16,"B.W. Webb",13971,3361659,2.98937172774869,8.68
"1001",17,"Blake Martinez",13973,3362203,3.78910662824208,7.48
"1002",18,"Blessuan Austin",13970,3360324,3.57865591397849,8.25
"1003",19,"Blessuan Austin",13970,3360331,2.26486842105263,7.67
"1004",20,"Bradley Roby",13974,3362355,5.78875,9.15
"1005",21,"Byron Jones",13982,3364709,4.22530303030303,7.11
"1006",22,"Byron Jones",13982,3364873,3.24539682539683,7.74
"1007",23,"Byron Jones",13982,3364901,4.06179487179487,7.61
"1008",24,"Carlton Davis",13972,3363313,4.44329113924051,7.75
"1009",25,"Carlton Davis",13972,3363334,2.81566666666667,8.17
"1010",26,"Carlton Davis",13972,3363484,3.76376470588235,4.99
"1011",27,"Danny Johnson",13978,3361402,2.04147058823529,5.8
"1012",28,"Darious Williams",13982,3364055,2.448,7.27
"1013",29,"Darious Williams",13982,3364087,3.39892307692308,5.19
"1014",30,"Darnell Savage",13973,3363638,2.80038961038961,4.53
"1015",31,"Deon Bush",13973,3362193,3.02448717948718,3.93
"1016",32,"Devin McCourty",13971,3362372,3.56219858156028,7.06
"1017",33,"Greedy Williams",13981,3363445,3.852,7.19
"1018",34,"Greedy Williams",13981,3363879,1.91842592592593,5.71
"1019",35,"Isaac Yiadom",13975,3362237,3.93720430107527,7.85
"1020",36,"Jalen Thompson",13981,3363947,3.64496774193548,6.84
"1021",37,"Jalen Thompson",13981,3364955,2.53949771689498,6.46
"1022",38,"James Bradberry",13979,3362644,3.79956896551724,8.08
"1023",39,"James Bradberry",13979,3363117,4.11977777777778,9.1
"1024",40,"James Bradberry",13979,3363669,2.82376404494382,7.32
"1025",41,"Jeff Heath",13982,3364873,2.91309523809524,6.02
"1026",42,"Jimmy Moreland",13978,3361675,3.22628318584071,8.95
"1027",43,"Justin Reid",13974,3361275,2.86101123595506,5.11
"1028",44,"Kareem Jackson",13975,3362610,2.89247311827957,5.8
"1029",45,"Kevin Johnson",13977,3365445,3.08633802816901,6.13
"1030",46,"Kevin King",13973,3361962,3.716,7.38
"1031",47,"Kevin King",13973,3362203,3.1236023054755,7.23
"1032",48,"Kevin King",13973,3363621,2.9628,4.96
"1033",49,"Kevin King",13973,3363638,3.06506493506493,6.08
"1034",50,"Kevin King",13973,3363649,1.67897727272727,3.93
"1035",51,"Kevin King",13973,3363661,3.17889763779528,5.09
"1036",52,"LeShaun Sims",13974,3362842,3.89910447761194,7.88
"1037",53,"Levi Wallace",13977,3365364,4.60403846153846,7.76
"1038",54,"Levi Wallace",13977,3365604,4.83115789473684,7.62
"1039",55,"Levi Wallace",13977,3365635,2.58319526627219,6.32
"1040",56,"Linden Stephens",13976,3362092,3.54865079365079,7.82
"1041",57,"Linden Stephens",13976,3362101,4.02578651685393,7.67
"1042",58,"Marcus Epps",13978,3363636,2.07401639344262,5.99
"1043",59,"Marcus Epps",13978,3363646,2.47457516339869,6.71
"1044",60,"Marcus Maye",13970,3360367,3.42298611111111,7.08
"1045",61,"Michael Davis",13984,3364131,3.48094117647059,8.21
"1046",62,"Nate Brooks",13976,3362060,2.29473214285714,5.12
"1047",63,"Nevin Lawson",13980,3364271,4.80490740740741,9.34
"1048",64,"Nevin Lawson",13980,3364613,2.81417808219178,7.48
"1049",65,"P.J. Williams",13985,3365748,3.32146853146853,7.86
"1050",66,"Pierre Desir",13985,3365739,5.45940298507463,8.37
"1051",67,"Prince Amukamara",13973,3361165,5.55851851851852,9.31
"1052",68,"Prince Amukamara",13973,3361878,2.976,6.57
"1053",69,"Prince Amukamara",13973,3362160,3.55393258426966,6.31
"1054",70,"Prince Amukamara",13973,3362193,2.54448717948718,4.39
"1055",71,"Rashaan Melvin",13972,3362458,3.33172588832487,8.19
"1056",72,"Sean Murphy-Bunting",13972,3363334,2.7954,8.84
"1057",73,"Sidney Jones",13978,3363636,1.46622950819672,3.89
"1058",74,"Stephon Gilmore",13971,3362753,2.496,6.95
"1059",75,"Terrell Edmunds",13977,3365499,3.71616279069767,6.67
"1060",76,"Tramon Williams",13973,3362203,3.73527377521614,7.65
"1061",77,"Tre Flowers",13979,3362121,2.87158620689655,7.17
"1062",78,"Tre Flowers",13979,3362757,1.71276073619632,6.57
"1063",79,"Tre Flowers",13979,3363381,3.69396825396825,8.35
"1064",1,"Aaron Colvin",13997,3372311,3.08354037267081,8.58
"1065",2,"Aaron Colvin",13997,3373910,4.45496,8.43
"1066",3,"Adrian Colbert",13995,3373941,3.189375,5.48
"1067",4,"Adrian Colbert",13995,3373949,3.40654761904762,6.82
"1068",5,"Ahkello Witherspoon",13989,3370692,3.60935897435897,7.05
"1069",6,"Amani Hooker",13993,3372729,2.19752941176471,6.51
"1070",7,"Armani Watts",14000,3375437,2.8231914893617,4.73
"1071",8,"Bradley Roby",13990,3368969,3.18172839506173,7.97
"1072",9,"Bradley Roby",13990,3369043,2.34645161290323,4.89
"1073",10,"Bradley Roby",13990,3369049,1.85637168141593,5.49
"1074",11,"Brian Poole",13996,3373645,3.42645833333333,7.63
"1075",12,"Byron Jones",13998,3374357,1.9341,6.76
"1076",13,"Charvarius Ward",14000,3375546,3.044,5.56
"1077",14,"Chris Harris Jr.",13986,3373873,2.2048275862069,6.47
"1078",15,"Darius Slay",13986,3373918,3.3820202020202,5.66
"1079",16,"Darius Slay",13986,3374277,6.15785714285714,9.94
"1080",17,"Darqueze Dennard",13995,3372965,2.30078431372549,4.59
"1081",18,"Delano Hill",13999,3374239,4.80551401869159,8.72
"1082",19,"Delano Hill",13999,3374341,3.89119266055046,5.18
"1083",20,"Erik Harris",13988,3374930,2.67578947368421,5.53
"1084",21,"Greedy Williams",13992,3371736,3.1948031496063,8.93
"1085",22,"Greedy Williams",13992,3372572,2.54450819672131,5.53
"1086",23,"Greedy Williams",13992,3372727,1.47503448275862,5.29
"1087",24,"Harrison Smith",14001,3376151,3.68721518987342,5.15
"1088",25,"Harrison Smith",14001,3376271,3.23,5.36
"1089",26,"Isaac Yiadom",13986,3374031,2.74145631067961,4.98
"1090",27,"Jalen Thompson",13999,3374640,2.79398148148148,5.22
"1091",28,"Jalen Thompson",13999,3375170,4.39184615384615,6.34
"1092",29,"Jalen Thompson",13999,3375186,4.09,6.08
"1093",30,"Justin Reid",13990,3369043,1.98290322580645,5.26
"1094",31,"Justin Reid",13990,3369049,1.63017699115044,3.78
"1095",32,"Landon Collins",13997,3373883,2.38947712418301,4.86
"1096",33,"Landon Collins",13997,3373910,1.33664,4.13
"1097",34,"LeShaun Sims",13993,3372114,3.38428571428571,6.85
"1098",35,"LeShaun Sims",13993,3372513,3.90301204819277,6.81
"1099",36,"LeShaun Sims",13993,3372641,3.75954022988506,8.39
"1100",37,"Levi Wallace",13987,3369829,3.71518867924528,6.29
"1101",38,"Logan Ryan",13993,3373331,5.30178571428571,9.05
"1102",39,"Malik Hooker",13994,3372181,4.46844444444444,7.08
"1103",40,"Malik Hooker",13994,3373217,3.57056179775281,5.87
"1104",41,"Marcus Epps",13998,3375084,3.43231292517007,4.9
"1105",42,"Mike Hughes",14001,3376148,4.09271739130435,6.83
"1106",43,"Mike Hughes",14001,3376154,4.29831775700935,9.56
"1107",44,"Montae Nicholson",13997,3373910,2.37576,7.01
"1108",45,"Patrick Peterson",13999,3374640,2.1912962962963,6.01
"1109",46,"Patrick Peterson",13999,3374836,3.1958407079646,7.6
"1110",47,"Prince Amukamara",14000,3375402,4.18292452830189,7.3
"1111",48,"Prince Amukamara",14000,3375411,4.76022222222222,8.11
"1112",49,"Prince Amukamara",14000,3375521,4.16605504587156,7.95
"1113",50,"Rasul Douglas",13998,3374492,2.88018518518519,6.5
"1114",51,"Rasul Douglas",13998,3374866,2.14056910569106,5.25
"1115",52,"Rasul Douglas",13998,3375076,2.92851851851852,7.27
"1116",53,"Rasul Douglas",13998,3375084,2.18503401360544,5.7
"1117",54,"Rasul Douglas",13998,3375091,2.80727941176471,5.55
"1118",55,"Rasul Douglas",13998,3375141,3.00083333333333,6.4
"1119",56,"Rock Ya-Sin",13994,3372448,2.58415730337079,7.49
"1120",57,"Rock Ya-Sin",13994,3373252,4.35831932773109,7.17
"1121",58,"Rodney McLeod",13998,3374608,2.34630136986301,6.63
"1122",59,"Rodney McLeod",13998,3374720,2.42,6.86
"1123",60,"Ross Cockrell",13994,3372010,6.32150684931507,9.26
"1124",61,"Ross Cockrell",13994,3372470,5.389125,8.67
"1125",62,"Stephon Gilmore",13987,3369353,3.04666666666667,6.11
"1126",63,"Steve Longa",13986,3374360,3.66878787878788,7.27
"1127",64,"Steven Nelson",13996,3372146,3.37581081081081,7.25
"1128",65,"Steven Nelson",13996,3373375,3.94478260869565,8.99
"1129",66,"Tae Hayes",13995,3372502,2.48608,6.94
"1130",67,"Tae Hayes",13995,3372655,3.49847457627119,6.09
"1131",68,"Tae Hayes",13995,3373775,4.55732142857143,6.21
"1132",69,"Tae Hayes",13995,3373822,2.87481132075472,5.71
"1133",70,"Tae Hayes",13995,3373941,4.54515625,6.62
"1134",71,"Tae Hayes",13995,3373949,3.61297619047619,5.61
"1135",72,"Tae Hayes",13995,3373962,1.41323863636364,5.48
"1136",73,"Tre Flowers",13999,3375058,3.817890625,9.05
"1137",74,"Trey Marshall",13986,3374031,4.45941747572816,5.9
"1138",75,"Will Parks",13986,3374624,2.666,4.77
"1139",76,"Xavier Rhodes",14001,3376189,4.27275862068965,6.2
"1140",1,"Aaron Colvin",14004,3385457,2.85822033898305,6.99
"1141",2,"Aaron Colvin",14004,3385674,2.86704,6.26
"1142",3,"Adrian Colbert",14008,3385153,3.23415584415584,4.48
"1143",4,"Adrian Colbert",14008,3385177,1.53349397590361,3.94
"1144",5,"Ahkello Witherspoon",14017,3387868,4.17387755102041,6.95
"1145",6,"Ahkello Witherspoon",14017,3388079,5.18523076923077,8.51
"1146",7,"Amani Hooker",14014,3386442,2.724453125,6.65
"1147",8,"Amani Oruwariye",14005,3385367,2.81728971962617,4.55
"1148",9,"Andrew Adams",14010,3383687,2.60707692307692,7.02
"1149",10,"B.W. Webb",14003,3382942,3.31526595744681,7.87
"1150",11,"B.W. Webb",14003,3385179,1.83977678571429,5.31
"1151",12,"B.W. Webb",14003,3385322,2.9189932885906,6.23
"1152",13,"Bradley McDougald",14017,3387893,3.112,5.5
"1153",14,"Casey Hayward Jr.",14006,3383320,3.90217391304348,7.81
"1154",15,"Casey Hayward Jr.",14006,3383594,3.7497247706422,5.87
"1155",16,"Casey Hayward Jr.",14006,3383613,4.665,7.64
"1156",17,"Casey Hayward Jr.",14006,3383655,4.61797872340426,6.27
"1157",18,"Casey Hayward Jr.",14006,3383718,3.35424528301887,5.59
"1158",19,"Casey Hayward Jr.",14006,3383846,3.73257575757576,7.1
"1159",20,"Casey Hayward Jr.",14006,3383855,3.99739130434783,7.09
"1160",21,"Casey Hayward Jr.",14006,3384172,3.27746666666667,6.11
"1161",22,"Casey Hayward Jr.",14006,3384765,2.99320987654321,6.5
"1162",23,"Charvarius Ward",14006,3383947,4.26425925925926,6.58
"1163",24,"Coty Sensabaugh",14004,3385674,3.10024,7.94
"1164",25,"Darious Williams",14016,3386296,3.45011235955056,7.55
"1165",26,"Daryl Worley",14015,3386753,2.47604651162791,4.38
"1166",27,"Daryl Worley",14015,3387165,3.55662162162162,6.14
"1167",28,"David Long Jr.",14016,3386522,2.94939024390244,7.64
"1168",29,"Dont'e Deayon",14016,3387720,3.61672,7.51
"1169",30,"Dont'e Deayon",14016,3387731,2.28526666666667,8.79
"1170",31,"Emmanuel Moseley",14017,3388126,3.39628571428571,6.33
"1171",32,"Eric Weddle",14016,3387731,1.4348,2.52
"1172",33,"Erik Harris",14015,3386158,3.37445652173913,5.56
"1173",34,"Erik Harris",14015,3386753,2.60139534883721,4
"1174",35,"Isaac Yiadom",14015,3387672,3.061375,6.97
"1175",36,"Jamal Adams",14002,3383322,3.27570588235294,6.7
"1176",37,"Jamel Dean",14010,3383786,2.5679381443299,6.97
"1177",38,"James Bradberry",14011,3383128,2.16005882352941,6.49
"1178",39,"James Bradberry",14011,3384420,3.2834375,5.99
"1179",40,"Jessie Bates III",14003,3385317,2.11384,4.93
"1180",41,"Jimmie Ward",14017,3387951,3.58913461538462,6.48
"1181",42,"Justin Hardee",14011,3385242,2.74,7.17
"1182",43,"Justin Hardee",14011,3385270,3.28384615384615,7.29
"1183",44,"Kenny Ladler",14004,3386735,2.82666666666667,4.2
"1184",45,"Kevin Johnson",14002,3383005,3.85063291139241,7.19
"1185",46,"Kurt Coleman",14002,3383518,3.81106060606061,8.4
"1186",47,"Logan Ryan",14014,3385521,3.15304635761589,6.61
"1187",48,"Malik Hooker",14012,3386426,3.06863636363636,4.8
"1188",49,"Marcus Epps",14009,3387709,2.28495798319328,6.06
"1189",50,"Marcus Maye",14002,3383874,4.50197674418605,8.92
"1190",51,"Nate Brooks",14008,3383188,3.38238938053097,7.92
"1191",52,"Nate Brooks",14008,3383504,4.12426966292135,8.83
"1192",53,"Nate Brooks",14008,3385153,3.10636363636364,5.58
"1193",54,"Nate Brooks",14008,3385177,2.94596385542169,6.89
"1194",55,"Patrick Peterson",14016,3385895,4.63296703296703,7.15
"1195",56,"Rasul Douglas",14009,3386757,3.71345794392523,8.56
"1196",57,"Rasul Douglas",14009,3387697,2.50208333333333,5.54
"1197",58,"Rasul Douglas",14009,3387754,2.10206896551724,4.75
"1198",59,"Rock Ya-Sin",14012,3386417,3.116,7.07
"1199",60,"Rock Ya-Sin",14012,3386811,4.57272727272727,7.71
"1200",61,"Rock Ya-Sin",14012,3386833,4.22409836065574,7.25
"1201",62,"Rodney McLeod",14009,3385631,3.5471568627451,5.82
"1202",63,"Rodney McLeod",14009,3387382,3.09441666666667,5.67
"1203",64,"Rodney McLeod",14009,3387549,2.50153846153846,5.96
"1204",65,"Rodney McLeod",14009,3387558,1.331,4.82
"1205",66,"Rodney McLeod",14009,3387590,2.4644262295082,6.68
"1206",67,"Rodney McLeod",14009,3387609,2.84810945273632,5.77
"1207",68,"Rodney McLeod",14009,3387729,1.97449541284404,5.31
"1208",69,"Ross Cockrell",14011,3383860,2.39034722222222,5.45
"1209",70,"Ross Cockrell",14011,3384032,3.16393103448276,8.03
"1210",71,"Sean Murphy-Bunting",14010,3383255,3.55365591397849,5.4
"1211",72,"Steven Nelson",14013,3386312,2.9288,8.23
"1212",73,"Steven Nelson",14013,3386320,3.37062992125984,7.71
"1213",74,"Taron Johnson",14002,3383518,2.89393939393939,6.23
"1214",75,"Taron Johnson",14002,3384657,4.42492957746479,6.83
"1215",76,"Tavon Wilson",14005,3383364,2.21193798449612,5.18
"1216",77,"Taylor Rapp",14016,3386322,3.46648351648352,6.28
"1217",78,"Taylor Rapp",14016,3387731,1.74926666666667,3.76
"1218",79,"Trey Marshall",14015,3387610,4.37922480620155,6.71
"1219",80,"Trey Marshall",14015,3387799,3.676375,5.87
"1220",81,"Trey Marshall",14015,3387806,3.04397590361446,6.2
"1221",82,"Tye Smith",14014,3387348,3.69242105263158,8.47
"1222",83,"Walt Aikens",14008,3384820,3.48006944444444,8.58
